First_Name,Last_Name,Pesel,Donation_date,Donated_blood_amount,Blood_type,Blood_factor,Address
Nolan,Tarbatt,4892739464,01/06/2017,5500ml,0,Rh-,32419 Grover Plaza
Billye,Bour,9460613624,05/10/2016,4400ml,0,Rh+,3234 Ohio Road
Orlando,Snalom,7473469061,07/04/2015,2750ml,A,Rh+,22 Helena Court
Jessy,Polland,5307901097,27/08/2018,5500ml,0,Rh-,23 Killdeer Pass
Madlin,Rettie,0581100093,07/06/2015,3300ml,0,Rh-,372 Havey Park
Elberta,Ogden,9997252918,09/11/2015,550ml,A,Rh-,93844 Derek Avenue
Valerye,Paradin,3420786778,16/04/2017,3850ml,AB,Rh+,1 Lunder Place
Brett,Schimank,9986602963,29/03/2017,4950ml,A,Rh+,3 Myrtle Lane
Petey,MacElholm,2704832188,10/02/2017,2200ml,AB,Rh-,7093 Roth Junction
Marshall,Peck,5381046669,30/11/2017,3850ml,A,Rh+,15401 Arrowood Pass
Phoebe,Carine,3054751759,25/06/2017,3300ml,B,Rh+,106 Mallard Court
Maryanne,Keele,2707524336,11/10/2018,2200ml,0,Rh-,90 Basil Lane
Kym,Pollins,5316849523,02/12/2015,0ml,A,Rh+,8535 Rigney Trail
Spence,Micka,7755218902,05/06/2014,0ml,0,Rh-,89626 Autumn Leaf Pass
Debby,Reder,3531993828,22/05/2014,3850ml,B,Rh-,60 Jenna Point
Rosabelle,Franks,7407912351,28/08/2014,3300ml,AB,Rh-,091 Waxwing Alley
Linn,Browell,8894958159,20/01/2019,2200ml,B,Rh+,4 Mitchell Crossing
Ilse,Oliveira,0759918597,14/02/2019,2200ml,B,Rh-,20795 Heffernan Park
Lorraine,Amys,0334600502,08/05/2015,4400ml,A,Rh-,12 Summit Junction
Ardys,Burdge,9483592011,23/01/2017,4950ml,B,Rh-,4 Hoepker Lane
Mac,Naris,2141932092,09/05/2015,3300ml,B,Rh+,42 Clarendon Junction
Bink,Sheals,4475698510,07/09/2015,2200ml,AB,Rh-,8810 Manley Alley
Jermayne,Meeks,7315019316,01/01/2018,0ml,B,Rh+,995 Arrowood Plaza
Craggy,Garritley,0003650766,06/07/2018,3300ml,0,Rh-,29 Arapahoe Hill
Tobin,Besse,3404436008,17/12/2018,5500ml,A,Rh-,8 Pankratz Parkway
Corrina,Sidwell,2177649056,26/06/2018,3850ml,A,Rh-,56 Farmco Center
Maryjane,Borris,1513666045,18/01/2019,3300ml,0,Rh-,660 Chinook Drive
Lavinie,Demke,1610450221,09/08/2017,2200ml,A,Rh+,02776 Stoughton Alley
Warner,Ridulfo,4986264672,26/04/2015,5500ml,0,Rh-,01308 Crescent Oaks Point
Alameda,Slot,4815742987,28/09/2016,5500ml,A,Rh-,5 Tennyson Parkway
Graham,Augustin,6543357908,15/11/2016,4950ml,B,Rh-,17 Westerfield Terrace
Francyne,Keattch,0203540069,12/01/2016,4400ml,A,Rh-,9 Southridge Trail
Katherine,Fayers,2098304706,21/03/2018,1100ml,0,Rh+,2 Menomonie Terrace
Manny,Craze,8328801655,10/03/2019,4950ml,A,Rh+,2 Thierer Parkway
Vonnie,Roseveare,5766905351,25/02/2019,5500ml,AB,Rh+,2264 Ridgeview Circle
Sibyl,Coolson,8488482760,24/11/2015,1650ml,AB,Rh+,409 Havey Court
Jone,Ricks,7862577817,12/12/2016,1100ml,AB,Rh-,05031 Knutson Place
Maria,Hummerston,3364935440,29/04/2018,550ml,AB,Rh+,3867 Luster Center
Malissa,Lynam,3362081231,03/01/2019,550ml,B,Rh+,6456 Petterle Trail
Linoel,Morecomb,5545555587,23/07/2015,5500ml,B,Rh+,477 Warner Alley
Gwenni,Skeene,3685084550,31/12/2015,4950ml,AB,Rh+,8 South Plaza
Glynis,Rozea,9206070916,18/12/2016,4950ml,A,Rh-,15606 Charing Cross Parkway
Heinrick,Wannan,5453951451,10/05/2016,3300ml,0,Rh+,9030 Fisk Avenue
Lanny,Ickovits,1312991534,01/03/2016,1100ml,AB,Rh-,063 3rd Circle
Aviva,Cornil,3867925909,09/10/2018,4950ml,A,Rh+,45 Blaine Avenue
Marnie,Evanson,2209171741,24/12/2015,550ml,A,Rh-,838 Roxbury Point
Jamil,Ibbett,4825821057,26/06/2014,0ml,A,Rh-,36181 Vahlen Avenue
Hammad,Anney,2679767403,27/10/2015,2750ml,AB,Rh-,8 Trailsway Pass
Cynde,Olivetti,0808090070,22/06/2018,3850ml,A,Rh+,9112 Roxbury Street
Giffer,Bleacher,4505457060,26/12/2015,5500ml,0,Rh-,31791 Waubesa Circle
Ardath,Owen,3643049897,17/06/2017,1650ml,B,Rh+,08 Kingsford Street
Eryn,Adlard,7792691357,25/11/2014,3300ml,B,Rh+,94985 Bunting Pass
Krishna,Marsters,3358419487,27/11/2016,1100ml,A,Rh+,17 Merrick Plaza
Kelbee,Melody,9395535563,21/01/2019,2200ml,B,Rh-,88018 Corben Way
Tybie,Nias,3229551923,12/03/2019,5500ml,B,Rh-,88 Brown Hill
Kettie,Fearnill,1296909999,24/06/2016,550ml,B,Rh-,11 Hallows Center
My,McIlvenna,4493684240,02/11/2014,3850ml,B,Rh+,55 Schiller Trail
Maegan,Gotcliff,7013334987,14/12/2018,0ml,B,Rh-,9384 Pawling Place
Winni,McHardy,1282987100,08/01/2018,550ml,A,Rh+,10163 Westend Point
Hervey,Gegay,0885262905,20/03/2017,2750ml,B,Rh-,1 Monterey Crossing
Myranda,Woodger,3172718190,16/07/2018,1100ml,A,Rh-,34 Myrtle Avenue
Aluino,Alennikov,0235976946,17/10/2018,550ml,0,Rh+,7 Roth Circle
Quinn,Pears,1498887031,17/10/2014,2750ml,AB,Rh+,52 Hanson Lane
Karry,Oakhill,9501186768,25/07/2018,3300ml,B,Rh-,8150 Colorado Park
Angela,Cratere,0474299961,28/04/2019,2750ml,A,Rh-,38496 Toban Terrace
Vanna,Lindwasser,9454093258,03/04/2016,1650ml,A,Rh-,9393 Thompson Alley
Gail,Dand,4585239227,04/03/2016,4400ml,0,Rh-,82 Stang Point
Leonidas,Offord,1794461205,27/08/2018,1100ml,A,Rh+,556 Spaight Hill
Gloriana,Dipple,2662702079,11/03/2018,2750ml,A,Rh+,2 Hollow Ridge Center
Gayla,Bullivant,9902844642,25/04/2016,3300ml,B,Rh-,16 Crest Line Park
Horton,Slamaker,4226664329,07/04/2016,4400ml,B,Rh+,21 Jana Court
Leone,Obey,2552277926,30/01/2017,4950ml,B,Rh+,21 Warner Crossing
Ruth,Burke,0541608630,30/06/2016,2750ml,A,Rh+,304 Banding Parkway
Vince,Catherall,9917043004,21/12/2016,1100ml,B,Rh+,9998 Fordem Plaza
Marleen,Chaffen,7394110184,07/03/2017,2750ml,0,Rh+,531 Westport Avenue
Jerrylee,Louis,0439646332,28/09/2016,4400ml,0,Rh-,30598 Green Plaza
Mavis,Lippett,3504716894,06/01/2018,0ml,A,Rh-,803 Kropf Circle
Shannan,Zukierman,6311904462,13/06/2016,1650ml,0,Rh-,8 Ridgeview Way
Fernanda,Ennor,6147185179,26/04/2015,2200ml,A,Rh+,8184 Forest Run Road
Madonna,Ekless,3622374403,09/12/2018,2750ml,0,Rh-,122 Sommers Terrace
Kiele,Palay,7776854980,02/06/2015,1100ml,AB,Rh+,73926 Pankratz Point
Dawn,Sheere,3142813896,29/06/2015,4400ml,A,Rh+,18 Monica Court
Brandais,Bullion,0295530618,05/09/2018,3850ml,AB,Rh+,37 Dorton Alley
Casie,Mattheus,9017765887,09/08/2015,4400ml,0,Rh-,8790 Huxley Hill
Brittany,Baxstare,6285450927,03/05/2017,1100ml,AB,Rh-,25037 Holy Cross Place
Jess,Nacci,4273558718,12/05/2015,3850ml,0,Rh-,2218 Arapahoe Road
Culver,Dash,8813319231,21/02/2019,3300ml,0,Rh-,58824 Pond Way
Carmelle,How to preserve,3900568367,07/03/2017,0ml,AB,Rh-,3 Hollow Ridge Crossing
Erl,Titterrell,8959205419,29/01/2016,5500ml,0,Rh+,762 Claremont Crossing
Brinna,Atyea,7133652064,12/03/2018,2750ml,AB,Rh+,54 Browning Trail
Frankie,Nolan,8341114720,28/07/2017,4950ml,A,Rh-,735 Roth Road
Uriah,Crookshanks,0468117024,28/06/2018,1100ml,0,Rh-,7 Shasta Court
Kimberley,Vannacci,2213595429,11/08/2016,5500ml,AB,Rh-,56 Sugar Parkway
Trstram,Eymer,3840043018,31/05/2017,0ml,AB,Rh-,1912 Hoffman Junction
Dorice,Edgeworth,7144266276,05/02/2018,1650ml,0,Rh-,6550 Wayridge Hill
Bernadina,Dallosso,4965496833,25/10/2016,2200ml,B,Rh-,01771 Graceland Center
Othelia,Goodred,7922522614,03/02/2019,2200ml,AB,Rh+,241 Troy Drive
Wernher,Godard,1190926016,20/08/2016,550ml,A,Rh-,38278 Bunting Point
Grayce,Hamprecht,6918350870,14/01/2017,0ml,B,Rh+,080 Manley Lane
Pearla,Stoffers,1809627109,17/11/2016,550ml,0,Rh+,1 Quincy Court
